,city,sl_2016,sl_2017,sl_2018,sl_2019,sl_2020,sl_2021,sl_2022,sl_2023,sl_2024,sl_2025,sl_2026,sl_2027,sl_2028,sl_2029,sl_2030,sl_2031,sl_2032,sl_2033,sl_2034,sl_2035,sl_2036,sl_2037,sl_2038,sl_2039,sl_2040,sl_2041,sl_2042,sl_2043,sl_2044,sl_2045,sl_2046,sl_2047,sl_2048,sl_2049,sl_2050
0,Beijing,4990.48,5091.16,5192.83,5301.87,5411.09,5526.04,5633.53,5746.02,5864.35,5990.02,6118.23,6248.17,6382.58,6505.13,6633.06,6759.48,6888.12,7017.49,7144.12,7271.41,7399.69,7525.17,7650.22,7773.21,7897.81,8011.58,8124.97,8239.42,8347.61,8459.18,8563.72,8669.55,8771.62,8868.87,8970.53
1,New Delhi,3801.71,3810.51,3819.82,3828.77,3838.3,3846.55,3854.35,3862.63,3870.86,3879.25,3887.97,3896.46,3905.28,3914.57,3923.47,3932.44,3940.45,3948.95,3958.64,3968.1,3978.49,3987.78,4004.44,4013.91,4028.07,4033.35,4042.48,4052.04,4061.91,4072.25,4082.04,4091.52,4101.16,4111.89,4127.1
2,Washington D.C.,2637.81,2642.48,2647.46,2652.59,2657.25,2662.18,2666.97,2672.07,2677.05,2682.52,2687.45,2692.75,2698.17,2703.22,2708.48,2713.92,2719.34,2724.52,2730.08,2735.05,2740.5,2746.09,2751.7,2757.17,2762.48,2768.11,2773.71,2779.4,2785.23,2790.76,2795.91,2801.8,2807.73,2813.27,2818.85
3,Jakarta,6774.34,6863.07,6947.23,7026.8,7101.44,7171.75,7243.18,7310.78,7377.44,7444.37,7513.58,7577.65,7644.64,7709.29,7773.41,7835.3,7896.5,7957.4,8019.51,8081.17,8143.2,8202.57,8262.24,8321.36,8378.53,8433.55,8486.72,8538.99,8588.75,8637.19,8684.46,8729.67,8774.35,8817.23,8858.34
4,Brasilia,1515.56,1628.14,1740.89,1861.91,1983.61,2114.11,2249.05,2384.04,2526.17,2672.29,2820.0,2971.0,3123.93,3280.17,3436.97,3590.94,3743.3,3891.62,4037.34,4178.99,4324.0,4466.3,4605.91,4732.56,4859.23,4979.25,5095.63,5209.94,5324.06,5433.31,5540.31,5645.22,5749.82,5853.61,5961.8
5,Mexico City,3011.49,3013.86,3015.87,3018.52,3020.81,3023.01,3025.21,3027.68,3029.83,3032.4,3034.92,3037.33,3039.93,3042.11,3044.71,3047.07,3049.52,3051.88,3054.45,3056.78,3059.36,3061.81,3064.34,3067.05,3069.53,3072.04,3074.74,3077.06,3079.82,3082.43,3084.89,3087.45,3090.01,3092.69,3095.19
6,Tokyo,6937.09,6943.75,6950.26,6957.05,6964.09,6971.29,6978.24,6984.42,6991.41,6998.48,7005.18,7012.31,7019.57,7026.64,7033.54,7040.63,7047.99,7055.05,7061.6,7068.61,7075.77,7083.21,7090.84,7098.08,7105.59,7112.22,7119.94,7127.64,7145.65,7153.5,7160.99,7169.41,7177.27,7185.62,7194.57
7,Manila,2854.69,2858.99,2863.93,2868.08,2872.64,2877.68,2881.98,2886.97,2891.82,2897.08,2901.74,2906.18,2911.23,2916.03,2920.61,2925.61,2930.34,2935.36,2940.51,2944.97,2949.71,2955.02,2959.69,2964.44,2969.38,2974.1,2978.76,2983.73,2988.81,2994.17,3005.83,3009.55,3014.42,3019.59,3024.46
8,Shanghai,5702.77,5909.64,6115.98,6317.38,6523.5,6715.71,6902.37,7083.99,7253.84,7414.5,7563.56,7699.12,7824.7,7940.81,8048.08,8147.12,8235.53,8315.87,8388.06,8452.94,8511.1,8563.82,8613.28,8656.86,8697.41,8738.8,8777.15,8812.13,8846.74,8878.44,8910.48,8942.26,8971.5,9001.23,9024.65
9,Guangzhou,6682.24,6949.59,7216.07,7471.64,7692.02,7971.97,8214.77,8459.91,8697.85,8934.22,9163.38,9385.74,9602.66,9814.26,9944.18,10220.69,10413.4,10601.05,10783.97,10961.73,11134.89,11301.07,11466.27,11627.12,11675.16,11929.51,12070.84,12198.75,12317.07,12425.0,12520.02,12609.96,12696.43,12776.96,12727.42
10,New York City,3965.63,3970.22,3974.74,3979.2,3982.5,3988.56,3993.4,3997.92,4003.08,4007.64,4012.77,4018.07,4022.41,4027.49,4036.03,4037.07,4041.85,4046.66,4051.35,4056.24,4061.15,4066.01,4071.11,4076.26,4084.94,4085.83,4090.45,4095.86,4100.34,4105.97,4110.72,4116.21,4121.9,4126.91,4135.35
11,Shenzhen,5811.81,6084.14,6361.85,6642.99,6899.33,7182.32,7418.35,7633.9,7835.03,8024.82,8203.32,8370.56,8525.8,8668.52,8744.22,8918.48,9025.17,9125.17,9215.37,9301.55,9379.5,9449.67,9515.21,9575.29,9560.24,9677.89,9722.8,9765.52,9803.44,9840.41,9874.79,9908.14,9939.28,9968.3,9920.16
12,SÃ£o Paulo,4465.72,4656.85,4855.25,5062.86,5257.65,5484.36,5701.68,5931.4,6164.08,6396.67,6639.6,6884.88,7141.0,7395.53,7632.41,7903.84,8157.47,8411.9,8662.96,8921.74,9176.11,9431.14,9681.84,9930.05,10153.57,10416.4,10660.09,10899.25,11135.68,11366.91,11592.91,11807.08,12021.24,12224.08,12389.13
13,Mumbai,1822.13,1823.82,1825.23,1826.78,1828.72,1830.38,1832.26,1833.93,1835.5,1837.25,1838.93,1840.81,1842.44,1844.13,1845.82,1847.67,1849.35,1851.16,1852.91,1854.45,1856.35,1858.3,1860.29,1861.9,1863.63,1865.5,1867.5,1869.56,1871.49,1873.63,1875.47,1877.43,1879.13,1881.21,1882.8
14,Keihanshin (Kyoto-Osaka-Kobe),3543.55,3544.76,3546.34,3548.94,3551.38,3552.88,3555.51,3557.16,3559.44,3561.8,3563.76,3566.56,3568.31,3569.99,3572.74,3575.31,3577.43,3579.98,3582.29,3584.29,3586.48,3588.99,3591.69,3594.04,3595.42,3598.08,3600.28,3602.72,3604.68,3606.12,3608.64,3610.91,3613.38,3615.42,3619.07
15,Wuhan,2194.16,2216.05,2237.78,2262.49,2287.61,2314.25,2338.4,2365.12,2392.61,2421.34,2451.34,2483.81,2516.81,2551.1,2585.63,2624.47,2664.97,2703.76,2744.69,2783.44,2824.46,2865.14,2906.17,2947.31,2990.28,3032.2,3074.36,3117.71,3159.59,3202.21,3244.8,3286.56,3329.16,3371.1,3409.41
16,Los Angeles,4927.24,4950.78,4976.82,5002.29,5027.98,5053.41,5077.74,5103.09,5126.93,5150.48,5172.74,5193.77,5214.13,5233.73,5253.89,5271.28,5290.11,5307.12,5323.23,5338.53,5353.42,5367.36,5379.5,5389.92,5400.21,5407.63,5416.39,5421.34,5426.22,5430.16,5433.47,5436.69,5439.75,5442.93,5446.28
17,Chengdu,2759.67,2785.87,2812.4,2835.51,2874.45,2892.12,2921.4,2955.66,2988.61,3024.79,3063.3,3100.85,3140.1,3181.14,3232.19,3271.56,3319.33,3373.03,3424.58,3478.61,3536.3,3594.05,3654.34,3719.31,3788.53,3856.83,3926.57,3998.45,4073.36,4148.31,4223.48,4302.29,4383.64,4462.05,4550.0
18,Chongqing,1470.34,1470.93,1473.79,1472.44,1471.85,1474.04,1474.92,1475.33,1475.13,1475.87,1476.62,1477.4,1475.46,1476.08,1482.85,1477.73,1478.72,1479.4,1481.77,1482.79,1483.75,1484.64,1485.16,1485.32,1489.65,1487.05,1487.64,1488.67,1489.36,1490.06,1490.54,1491.22,1492.12,1490.8,1496.22
19,Tianjin,2356.53,2369.07,2381.8,2395.3,2411.68,2424.88,2440.76,2456.4,2473.82,2492.59,2512.22,2532.62,2552.89,2574.94,2603.09,2621.39,2644.63,2669.41,2696.26,2722.0,2749.38,2777.15,2805.11,2833.71,2867.67,2891.81,2922.29,2951.92,2980.51,3010.94,3039.34,3069.06,3098.68,3126.13,3160.06
20,Istanbul,2056.18,2122.32,2182.93,2249.86,2305.74,2376.26,2441.02,2506.51,2570.95,2640.6,2699.99,2773.9,2846.77,2918.4,2988.85,3066.77,3141.58,3216.52,3291.78,3365.17,3437.41,3509.31,3580.2,3648.61,3707.45,3782.51,3845.81,3910.46,3971.04,4029.98,4089.53,4147.17,4205.14,4261.29,4306.34
21,Kolkata,5373.86,5385.91,5398.62,5410.71,5422.88,5435.2,5447.86,5460.19,5472.89,5485.3,5498.07,5511.02,5523.64,5535.92,5548.71,5561.33,5574.22,5593.19,5606.37,5619.39,5632.55,5645.96,5659.3,5672.91,5686.47,5699.54,5712.29,5725.87,5739.93,5753.84,5767.55,5781.07,5795.49,5808.52,5821.71
22,Hangzhou,2516.32,2521.13,2525.81,2530.55,2535.97,2538.96,2542.8,2546.85,2550.76,2554.58,2558.29,2562.41,2566.21,2570.24,2574.44,2578.04,2582.28,2586.09,2589.67,2593.74,2597.47,2601.82,2606.02,2610.13,2614.85,2617.19,2621.19,2625.39,2629.68,2633.68,2637.55,2642.07,2646.56,2650.83,2656.81
23,Surabaya,2971.71,2977.23,2983.03,2989.1,2994.52,3000.53,3006.26,3011.67,3017.2,3022.71,3028.57,3034.34,3040.24,3046.28,3051.93,3057.65,3063.08,3068.9,3074.75,3080.71,3088.61,3094.21,3100.31,3106.53,3112.93,3117.79,3123.43,3129.32,3134.96,3140.97,3146.92,3153.35,3158.6,3164.75,3171.99
24,Xi'an,1753.64,1755.86,1758.32,1761.04,1763.56,1766.26,1769.01,1771.95,1774.55,1777.27,1779.94,1783.14,1786.18,1789.05,1791.62,1794.59,1797.92,1800.59,1803.39,1806.54,1809.55,1812.63,1815.51,1818.35,1821.27,1824.43,1827.52,1831.09,1834.22,1837.43,1840.77,1844.1,1846.84,1850.21,1853.45
25,Bangalore,2021.43,2023.65,2025.95,2027.77,2028.98,2031.89,2034.0,2035.92,2038.42,2040.79,2043.23,2045.64,2047.68,2049.97,2050.96,2054.17,2056.39,2059.17,2061.75,2063.98,2066.31,2068.81,2071.39,2074.09,2075.07,2079.26,2082.44,2085.3,2087.85,2090.6,2093.62,2097.08,2100.53,2102.93,2103.94
26,Changzhou,3096.05,3102.96,3108.98,3112.43,3119.63,3124.79,3131.92,3138.93,3145.49,3152.87,3164.68,3172.46,3180.28,3187.68,3195.56,3204.27,3213.03,3222.49,3231.01,3239.33,3248.16,3257.81,3267.26,3276.62,3284.95,3295.61,3305.84,3315.47,3326.33,3336.57,3347.37,3358.46,3369.56,3380.6,3391.41
27,Rio de Janeiro,2162.09,2164.15,2166.61,2168.89,2171.04,2173.2,2175.45,2177.66,2179.83,2182.16,2184.48,2186.78,2189.15,2191.49,2194.09,2196.34,2198.67,2201.2,2203.42,2205.63,2208.1,2210.3,2212.94,2215.46,2217.79,2219.98,2222.4,2224.62,2226.83,2229.41,2231.94,2234.06,2236.69,2239.05,2241.6
28,Shantou,3308.63,3384.69,3461.48,3537.85,3608.31,3696.26,3777.2,3859.59,3940.25,4024.07,4109.94,4195.96,4276.46,4349.93,4403.31,4494.72,4561.22,4626.66,4689.17,4747.83,4802.04,4855.27,4905.37,4951.41,4971.5,5030.74,5065.31,5095.82,5123.1,5148.74,5171.74,5194.12,5216.12,5235.99,5231.16
29,Nanjing,2056.78,2058.76,2061.49,2063.13,2063.86,2064.57,2066.42,2068.98,2070.75,2073.39,2076.99,2079.71,2082.03,2084.39,2087.7,2090.12,2092.56,2095.02,2098.13,2100.32,2103.03,2105.51,2107.68,2110.61,2112.94,2115.51,2118.28,2121.66,2124.78,2127.76,2129.68,2132.76,2136.2,2139.24,2141.77
30,Rhine-Ruhr,2198.11,2199.69,2201.12,2202.5,2203.77,2204.99,2206.19,2207.58,2209.0,2210.25,2211.55,2213.0,2214.33,2215.99,2217.32,2218.96,2220.55,2221.74,2223.26,2224.61,2226.01,2227.45,2228.82,2230.58,2232.05,2233.25,2234.98,2236.25,2237.89,2243.86,2245.66,2247.3,2249.05,2250.71,2252.55
31,Jinan,1605.34,1608.11,1610.55,1611.92,1614.48,1616.94,1619.69,1622.31,1625.29,1628.1,1631.37,1634.08,1637.09,1640.11,1642.74,1645.87,1648.79,1653.61,1656.67,1659.92,1662.86,1666.41,1668.68,1671.72,1674.69,1678.6,1681.81,1685.1,1689.03,1692.3,1695.74,1698.89,1701.96,1704.99,1707.61
32,Chennai,1203.26,1205.39,1207.41,1209.8,1212.17,1214.31,1216.47,1218.77,1220.9,1223.19,1225.58,1228.12,1230.16,1232.48,1235.14,1237.55,1239.69,1242.03,1244.64,1247.15,1249.41,1251.72,1254.18,1256.86,1259.34,1261.9,1265.38,1268.03,1270.91,1273.36,1275.98,1278.87,1281.8,1284.65,1288.63
33,Harbin,1146.69,1169.92,1193.25,1218.65,1246.09,1274.62,1304.81,1335.88,1369.96,1405.27,1441.07,1477.43,1513.71,1552.55,1588.4,1628.39,1670.83,1713.43,1756.85,1802.81,1851.49,1897.3,1947.87,1996.47,2048.26,2100.28,2155.3,2208.63,2265.79,2324.26,2382.59,2441.73,2504.11,2567.41,2631.07
34,Chicago,2829.13,2837.09,2843.84,2851.78,2856.68,2867.14,2874.7,2882.74,2890.62,2897.6,2905.08,2912.54,2920.4,2927.55,2935.61,2942.97,2950.98,2958.91,2966.72,2974.38,2981.89,2989.81,2997.06,3004.96,3014.66,3018.97,3027.3,3035.53,3043.34,3051.86,3060.59,3068.42,3076.48,3084.96,3095.23
35,Zhengzhou,2185.99,2188.71,2191.29,2194.15,2196.54,2199.67,2202.56,2205.67,2208.46,2211.75,2215.09,2217.94,2221.4,2224.66,2228.86,2232.26,2236.01,2239.44,2243.22,2246.59,2250.2,2253.86,2256.96,2260.26,2264.65,2268.65,2272.02,2275.96,2279.76,2283.84,2288.05,2291.87,2296.23,2300.14,2304.95
36,Johannesburg,3225.69,3310.46,3397.93,3486.3,3573.72,3663.42,3752.97,3841.45,3929.93,4020.77,4109.91,4201.62,4288.73,4383.49,4471.06,4568.75,4659.22,4752.74,4847.48,4940.1,5032.56,5123.58,5216.52,5305.95,5385.97,5485.34,5576.37,5664.22,5752.31,5838.45,5924.25,6011.04,6094.76,6180.12,6255.71
37,Hanoi,3389.62,3400.16,3410.69,3421.26,3432.0,3442.89,3454.29,3465.58,3476.85,3487.72,3499.25,3510.78,3522.67,3532.88,3544.79,3556.19,3574.75,3586.17,3598.4,3610.59,3623.24,3634.94,3646.88,3660.35,3676.28,3684.95,3698.52,3711.12,3723.81,3736.3,3748.79,3761.71,3774.92,3787.45,3802.05
38,Berlin,974.0,974.0,974.0,974.0,974.0,974.0,974.0,974.0,974.0,974.0,974.0,974.0,974.0,974.0,974.0,974.0,974.0,974.0,974.0,974.0,974.0,974.0,974.0,974.0,974.0,974.0,974.0,974.0,974.0,974.0,974.0,974.0,974.0,974.0,974.0
39,Ankara,878.35,900.48,922.48,946.65,971.49,997.0,1024.56,1054.68,1086.48,1120.4,1155.98,1192.56,1232.42,1275.27,1324.56,1368.88,1420.15,1477.83,1539.96,1600.48,1667.01,1735.26,1808.15,1884.08,1969.39,2056.35,2147.19,2243.52,2345.93,2447.78,2555.97,2667.27,2782.11,2901.49,3032.52
40,Bangkok,2891.93,2927.91,2963.81,3002.59,3042.04,3077.6,3116.47,3155.16,3195.95,3235.46,3275.23,3316.43,3354.9,3395.49,3441.22,3476.31,3517.08,3555.43,3596.75,3640.83,3681.84,3721.78,3764.08,3805.55,3855.25,3886.4,3927.85,3965.69,4006.3,4044.95,4083.73,4122.39,4159.45,4197.25,4240.41
41,London,3590.32,3597.18,3604.43,3611.05,3618.14,3625.43,3633.24,3640.5,3648.17,3655.85,3663.51,3671.19,3679.1,3686.35,3694.01,3702.4,3710.37,3718.42,3726.67,3734.67,3742.72,3758.29,3767.17,3776.16,3785.5,3793.84,3802.87,3811.73,3820.76,3829.71,3838.56,3848.47,3857.85,3866.0,3875.54
42,Paris,2512.86,2516.0,2518.95,2522.05,2525.03,2528.31,2531.56,2534.67,2537.77,2541.5,2544.49,2547.71,2550.93,2554.41,2558.01,2561.36,2564.93,2568.38,2571.49,2575.4,2579.04,2583.09,2586.72,2590.3,2594.1,2598.03,2601.95,2606.0,2609.55,2613.41,2617.13,2620.9,2624.72,2627.89,2631.99
43,Rome,1039.9,1041.84,1044.2,1046.11,1048.36,1050.4,1052.78,1054.97,1057.3,1059.43,1061.77,1064.12,1066.61,1068.78,1071.0,1073.46,1075.67,1078.16,1080.64,1082.92,1085.48,1088.19,1090.39,1093.08,1095.46,1098.01,1100.59,1103.01,1105.46,1108.24,1110.64,1113.44,1116.12,1118.63,1121.11
44,Pretoria,3179.54,3265.55,3356.03,3448.12,3546.05,3638.01,3735.11,3829.62,3926.12,4027.12,4122.41,4222.19,4320.53,4423.51,4525.47,4628.37,4729.99,4833.83,4939.09,5042.74,5147.16,5249.05,5354.65,5455.81,5557.57,5659.47,5759.66,5857.99,5955.46,6053.67,6150.42,6247.4,6340.92,6435.48,6528.67
45,Bogota,722.99,723.21,723.51,723.84,724.12,724.39,724.68,724.99,725.29,725.62,725.91,726.15,726.45,726.8,727.08,727.42,727.67,727.98,728.19,728.44,728.72,729.02,729.33,729.68,729.99,730.36,730.72,731.05,731.4,731.72,731.97,732.27,732.55,732.82,733.23
46,Madrid,1592.74,1594.69,1596.86,1598.93,1601.09,1603.5,1605.86,1608.29,1610.76,1613.05,1615.54,1617.82,1620.06,1622.9,1625.45,1627.67,1630.67,1633.13,1635.56,1638.22,1640.84,1643.65,1646.13,1648.47,1651.41,1654.28,1657.11,1659.69,1662.61,1665.32,1667.77,1670.41,1673.45,1676.11,1678.86
47,Buenos Aires,3101.82,3143.28,3186.67,3230.08,3274.09,3317.73,3362.43,3407.16,3452.56,3500.27,3546.31,3594.28,3641.61,3689.48,3738.33,3786.48,3833.85,3882.82,3931.38,3980.14,4028.48,4077.77,4125.53,4172.87,4222.63,4268.4,4316.9,4364.09,4410.15,4457.47,4504.9,4552.55,4599.84,4646.38,4696.44
48,Kiev,580.0,580.0,580.0,580.0,580.0,580.0,580.0,580.0,580.0,580.0,580.0,580.0,580.0,580.0,580.0,580.0,580.0,580.0,580.0,580.0,580.0,580.0,580.0,580.0,580.0,580.0,580.0,580.0,580.0,580.0,580.0,580.0,580.0,580.0,580.0
49,Kampala,1257.63,1311.42,1370.02,1433.23,1495.49,1557.82,1624.45,1694.15,1765.49,1839.02,1912.91,1988.21,2067.87,2150.4,2230.58,2313.4,2399.72,2490.0,2581.96,2676.12,2772.78,2868.95,2970.63,3074.33,3179.25,3286.47,3392.88,3502.92,3614.41,3731.94,3848.06,3965.62,4083.06,4201.65,4321.54
50,Algiers,989.84,991.33,992.8,994.44,996.19,997.68,999.28,1000.81,1002.3,1004.04,1005.72,1007.7,1009.41,1011.2,1012.87,1014.64,1016.17,1018.1,1019.9,1021.47,1023.11,1024.59,1026.25,1027.9,1029.57,1031.42,1032.89,1034.54,1036.03,1037.76,1039.48,1041.36,1043.01,1044.52,1046.13
51,Khartoum,1192.86,1208.72,1224.4,1242.67,1259.18,1275.08,1291.98,1308.94,1327.76,1347.85,1367.9,1389.19,1411.2,1432.42,1450.69,1478.19,1501.05,1522.84,1547.87,1571.74,1596.0,1621.83,1647.43,1671.12,1689.76,1727.35,1756.9,1783.42,1812.33,1842.3,1874.53,1905.28,1937.11,1967.8,1992.34
52,Warsaw,776.1,779.25,782.4,785.77,788.89,792.2,795.66,799.26,802.92,806.49,810.18,813.91,818.02,821.61,825.39,829.31,833.28,837.58,842.1,846.13,850.44,854.75,858.65,862.98,867.09,871.61,875.81,880.08,884.83,889.4,894.19,898.37,902.54,907.06,915.42
53,Rabat,418.49,419.28,420.18,421.13,422.07,423.0,423.85,424.92,425.99,426.97,427.91,429.03,429.76,430.88,431.78,432.91,433.95,435.1,436.35,437.52,438.78,439.98,441.11,442.18,443.45,444.75,446.09,447.35,448.65,449.75,450.91,452.08,453.42,454.43,455.74
54,Riyadh,851.3,852.45,853.83,855.16,856.51,857.74,858.95,860.3,861.56,862.78,864.0,865.45,866.82,868.04,869.25,870.55,871.92,873.17,874.46,875.8,877.33,879.03,880.42,881.8,883.12,884.5,885.82,887.34,888.87,890.21,891.56,892.93,894.28,895.74,897.21
55,Lima,908.97,909.22,909.5,909.75,910.0,910.26,910.62,910.9,911.21,911.47,911.75,912.09,912.37,912.66,913.02,913.42,913.74,914.15,914.46,914.77,915.18,915.48,915.71,915.98,916.4,916.75,917.12,917.38,917.65,917.98,918.24,918.51,918.88,919.16,919.52
56,Tashkent,1147.89,1150.86,1153.49,1156.2,1159.45,1161.75,1164.27,1167.08,1169.8,1172.36,1174.64,1177.31,1180.37,1183.02,1185.47,1188.21,1191.18,1193.62,1196.63,1199.27,1202.2,1205.0,1207.94,1210.99,1214.19,1216.95,1219.95,1222.9,1225.86,1229.04,1231.95,1235.34,1238.36,1241.44,1244.7
57,Kuala Lumpur,2390.34,2528.2,2669.99,2814.67,2962.97,3111.39,3259.46,3404.94,3551.27,3702.14,3852.77,4006.67,4162.5,4312.29,4463.39,4613.63,4764.52,4908.19,5053.03,5195.72,5335.85,5472.8,5609.3,5740.22,5867.25,5992.85,6114.3,6234.72,6353.7,6466.71,6578.63,6687.69,6792.41,6892.78,6992.28
58,Maputo,490.92,515.72,543.55,570.4,594.82,628.06,657.72,686.71,715.66,743.59,773.27,802.51,833.57,864.7,885.15,922.45,952.66,984.12,1015.42,1047.74,1079.62,1112.04,1144.52,1178.49,1205.25,1247.71,1284.33,1319.59,1357.2,1392.73,1430.24,1467.97,1505.14,1543.12,1570.97
59,Kathmandu,900.8,907.33,913.96,920.28,927.72,933.83,940.67,947.94,955.46,963.35,971.98,979.6,986.18,994.48,1006.25,1012.83,1027.69,1037.83,1048.6,1062.93,1076.31,1090.9,1102.74,1117.78,1134.66,1150.2,1169.04,1189.65,1213.16,1237.58,1263.84,1291.6,1320.43,1353.33,1392.49
60,Accra,1081.66,1098.28,1115.87,1133.81,1154.07,1172.87,1193.82,1215.15,1236.95,1260.43,1285.9,1312.11,1339.27,1367.51,1399.85,1426.85,1459.5,1492.03,1525.94,1561.53,1597.52,1633.7,1670.79,1708.17,1751.33,1786.06,1825.24,1866.12,1906.14,1946.72,1987.18,2025.87,2065.29,2105.54,2147.58
61,Yaounde,335.07,334.94,335.48,338.01,336.53,336.97,337.46,338.16,338.78,339.51,340.12,341.08,341.75,342.58,343.42,344.37,345.21,346.11,346.96,347.69,348.7,349.65,350.56,351.36,352.26,353.23,354.3,355.37,356.44,357.3,358.28,359.36,360.48,361.41,362.57
62,Colombo,1595.04,1599.86,1604.58,1609.21,1614.04,1619.21,1624.11,1628.78,1633.91,1638.92,1644.55,1650.0,1654.85,1660.41,1666.83,1671.95,1677.99,1684.02,1689.78,1696.04,1702.44,1715.89,1723.2,1730.27,1742.52,1744.83,1752.16,1760.39,1768.26,1776.14,1783.34,1791.98,1800.64,1809.06,1823.61
63,Bucharest,542.78,544.61,546.6,549.36,551.8,552.8,556.2,558.43,560.91,563.62,564.94,567.35,569.47,572.13,573.7,576.07,579.03,581.45,582.99,585.29,587.65,590.42,593.14,596.09,597.59,600.99,603.45,605.86,608.37,611.93,615.22,618.27,621.54,624.29,625.34
64,Ouagadougou,621.55,654.28,688.55,724.53,760.25,803.06,844.75,888.56,936.17,985.0,1038.09,1094.81,1152.9,1213.26,1276.62,1340.27,1408.57,1477.1,1551.7,1628.85,1707.46,1787.99,1868.62,1954.81,2042.19,2129.28,2220.55,2312.4,2405.69,2500.81,2601.6,2700.7,2803.38,2905.05,3010.34
65,Bamako,387.79,398.76,410.59,423.86,437.28,451.87,467.93,483.84,500.14,518.41,537.03,556.88,577.96,600.18,620.34,646.02,671.2,696.56,723.51,753.15,783.84,816.04,850.19,884.93,921.77,961.21,1002.37,1046.18,1091.02,1139.27,1190.12,1244.53,1301.72,1361.0,1420.97
66,Santiago,948.18,949.12,949.98,951.06,952.04,952.95,953.91,954.67,955.62,956.66,957.49,958.46,959.52,960.59,961.39,962.26,963.1,964.19,965.23,966.1,966.88,967.91,968.96,970.03,971.13,972.11,973.2,974.26,975.42,976.54,977.62,978.79,979.69,980.65,981.66
67,Lusaka,261.74,262.24,263.0,263.83,264.55,265.27,265.92,266.61,267.22,268.09,268.79,269.42,270.32,271.04,271.84,272.71,273.44,274.32,275.3,276.15,276.94,278.08,279.14,280.08,280.75,281.94,283.05,284.1,285.04,286.15,287.08,288.11,289.09,290.05,291.05
68,Amsterdam,1994.28,2002.82,2011.13,2019.4,2029.19,2035.89,2043.59,2051.98,2059.06,2066.96,2075.37,2084.19,2092.2,2101.16,2111.26,2120.09,2127.96,2136.21,2145.26,2153.63,2161.98,2169.74,2178.66,2187.31,2198.47,2205.12,2214.26,2223.32,2231.16,2239.83,2248.31,2257.39,2266.31,2275.67,2286.59
69,Guatemala City,827.51,827.84,828.14,828.46,828.8,829.06,829.35,829.69,829.95,830.36,830.74,831.02,831.53,831.94,832.45,832.85,833.21,833.61,834.05,834.51,834.87,835.29,835.69,836.12,836.69,837.17,837.54,838.11,838.56,838.8,839.2,839.76,840.21,840.67,841.14
70,Quito,517.05,517.19,517.33,517.45,517.52,517.65,517.74,517.92,518.06,518.18,518.33,518.41,518.55,518.67,518.89,518.99,519.21,519.38,519.51,519.69,519.86,519.96,520.06,520.29,520.43,520.61,520.82,521.0,521.18,521.29,521.45,521.6,521.76,521.96,522.18
71,Dakar,313.8,314.56,315.38,316.27,316.97,317.68,318.35,318.98,319.77,320.67,321.53,322.36,323.18,323.98,324.93,325.71,326.51,327.59,328.33,329.27,330.04,330.86,331.66,332.51,333.34,334.26,335.07,335.89,336.79,337.47,338.52,339.47,340.3,341.3,342.13
72,Conakry,216.09,216.8,217.34,217.98,218.86,219.54,220.48,221.36,222.12,223.05,223.82,224.68,225.64,226.73,227.8,228.78,229.99,231.36,232.24,233.47,234.63,235.86,237.3,238.68,239.81,240.88,242.03,243.01,244.37,245.75,247.05,248.44,249.91,251.1,252.27
73,Tunis,634.2,635.44,636.62,637.77,638.95,640.27,641.48,642.7,643.97,645.31,646.39,647.65,648.82,650.05,651.41,652.49,653.64,654.94,656.15,657.45,659.17,660.38,661.51,663.01,664.36,665.6,667.08,668.25,669.66,670.89,672.2,673.59,675.02,676.43,678.0
74,Brussels,1061.46,1061.52,1061.62,1061.17,1061.83,1061.37,1062.03,1062.14,1062.21,1062.31,1062.45,1062.54,1062.68,1062.88,1063.03,1063.16,1063.32,1063.46,1063.56,1063.72,1063.93,1064.16,1064.27,1064.44,1064.59,1064.71,1064.89,1065.08,1065.18,1065.31,1065.45,1065.54,1065.77,1065.9,1066.05
75,Porto Novo,959.24,975.8,993.12,1009.53,1029.19,1043.38,1064.6,1083.6,1103.7,1125.97,1147.32,1168.92,1192.2,1215.5,1240.3,1265.89,1290.35,1317.72,1346.01,1373.49,1400.9,1430.91,1462.86,1493.5,1523.76,1556.84,1588.89,1622.98,1658.27,1693.64,1729.7,1767.53,1802.51,1840.3,1880.29
76,Athens,645.08,645.28,645.6,645.86,646.09,646.3,646.61,646.86,647.22,647.52,647.82,648.17,648.4,648.67,648.92,649.34,649.58,649.91,650.3,650.58,650.93,651.18,651.49,651.8,652.02,652.39,652.76,653.18,653.55,653.81,654.19,654.56,654.83,655.03,655.26
77,La Paz,185.41,185.69,186.06,186.48,186.87,187.24,187.63,188.07,188.59,189.0,189.32,189.8,190.12,190.46,190.94,191.36,191.77,192.15,192.71,193.15,193.82,194.19,194.62,195.15,195.56,196.07,196.58,197.08,197.5,198.16,198.74,199.13,199.62,200.19,200.8
78,Port au Prince,724.7,725.02,725.28,725.64,726.05,726.39,726.85,727.24,727.71,728.18,728.69,729.08,729.52,730.11,730.6,731.04,731.51,731.91,732.39,732.8,733.3,733.79,734.38,734.9,735.55,736.02,736.55,737.17,737.61,738.05,738.63,739.0,739.52,739.93,740.47
79,Santo Domingo,604.44,606.02,607.39,609.1,610.53,611.93,613.66,614.84,616.42,617.7,618.99,620.14,621.46,622.55,623.96,625.0,626.12,627.27,628.44,629.51,630.56,631.84,633.11,634.36,635.58,636.91,638.42,639.92,641.35,642.6,644.09,645.47,646.6,647.98,649.37
80,Prague,516.5,517.04,517.78,518.41,519.07,519.84,520.51,521.15,521.82,522.63,523.4,523.93,524.91,525.59,526.36,527.17,527.92,528.75,529.44,530.26,531.28,532.11,532.96,533.72,534.42,535.24,536.01,536.9,537.83,538.53,539.4,540.14,540.95,541.88,542.97
81,Lisbon,826.17,827.1,828.0,828.88,829.69,830.78,831.88,833.02,833.9,835.05,836.24,837.27,838.72,839.98,841.02,841.92,843.17,844.29,845.49,846.79,847.91,849.19,850.42,851.39,852.59,853.83,854.92,856.02,857.25,858.63,859.96,861.2,862.72,863.89,865.02
82,Stockholm,494.99,495.76,496.47,497.23,497.91,498.71,499.53,500.23,501.03,501.91,502.67,503.41,504.2,504.99,505.89,506.85,507.92,508.8,509.69,510.73,511.6,512.49,513.4,514.26,515.23,516.26,517.25,518.08,519.18,520.18,521.09,522.15,523.26,524.15,525.36
83,Baku,427.53,428.14,428.71,429.3,429.89,430.55,431.07,431.71,432.13,432.82,433.53,434.01,434.59,435.22,435.76,436.39,437.02,437.59,438.22,439.04,439.71,440.4,441.21,442.01,442.61,443.23,443.83,444.5,445.23,446.04,446.6,447.4,448.02,448.61,449.34
84,Budapest,780.02,782.04,783.82,785.34,786.91,788.6,790.76,792.69,794.6,796.61,798.72,801.11,802.95,804.76,806.67,808.86,811.11,813.36,815.7,818.05,820.5,822.71,824.76,826.77,829.02,831.35,833.35,835.5,837.84,839.96,842.31,844.54,846.53,848.78,850.74
85,Amman,775.94,780.49,785.23,790.29,795.5,806.67,812.54,817.46,823.39,830.75,836.18,842.84,849.83,857.24,867.16,872.78,881.37,889.22,898.35,907.47,918.22,926.79,938.14,949.44,962.45,973.33,986.72,999.42,1012.66,1027.51,1041.48,1056.33,1071.55,1085.59,1102.85
86,Minsk,343.01,343.37,343.88,344.39,344.84,345.27,345.92,346.55,347.14,347.73,348.36,348.98,349.61,350.3,350.86,351.5,352.3,352.91,353.55,354.32,354.84,355.59,356.26,357.07,357.84,358.63,359.44,360.26,361.2,361.95,362.59,363.63,364.38,365.25,366.08
87,Abu Dhabi,176.83,176.86,176.98,177.12,177.2,177.41,177.51,177.63,177.81,178.04,178.21,178.27,178.42,178.63,178.96,179.11,179.36,179.5,179.59,179.72,179.88,180.16,180.42,180.52,180.64,180.9,181.15,181.41,181.61,181.78,181.88,182.11,182.42,182.65,182.84
88,Belgrade,328.0,328.0,328.0,328.0,328.0,328.0,328.0,328.0,328.0,328.0,328.0,328.0,328.0,328.0,328.0,328.0,328.0,328.0,328.0,328.0,328.0,328.0,328.0,328.0,328.0,328.0,328.0,328.0,328.0,328.0,328.0,328.0,328.0,328.0,328.0
89,Vienna,517.26,517.27,517.29,517.38,517.44,517.46,517.54,517.67,517.8,517.85,517.92,518.03,518.11,518.22,518.35,518.52,518.61,518.8,518.94,519.01,519.14,519.27,519.37,519.5,519.59,519.79,519.92,520.04,520.17,520.33,520.51,520.63,520.78,520.9,520.97
90,Bern,381.47,381.01,380.76,381.64,392.6,381.89,381.86,382.6,384.96,385.63,386.39,386.57,387.32,387.55,395.06,388.72,390.21,390.68,390.85,390.34,390.24,390.95,391.78,393.35,397.78,393.83,394.42,394.79,395.18,395.69,395.67,396.24,396.41,396.47,401.18
91,Tel Aviv1,1164.31,1166.1,1167.41,1168.87,1170.62,1172.37,1173.94,1175.55,1177.16,1178.87,1180.42,1181.99,1183.55,1185.08,1186.61,1188.51,1190.43,1192.19,1193.92,1195.46,1197.05,1198.82,1200.6,1202.46,1204.15,1205.76,1207.63,1209.33,1211.4,1213.2,1214.93,1216.56,1218.14,1219.95,1221.61
92,Lome,998.05,1080.65,1166.65,1258.19,1351.9,1451.75,1554.58,1660.96,1767.64,1879.15,1994.31,2105.85,2220.3,2333.32,2449.68,2564.0,2675.09,2784.47,2891.3,2996.96,3099.53,3200.38,3295.85,3388.55,3476.83,3564.05,3647.74,3728.37,3805.45,3879.47,3949.42,4017.1,4084.19,4147.46,4204.13
93,Sofia,362.0,362.0,362.0,362.0,362.0,362.0,362.0,362.0,362.0,362.0,362.0,362.0,362.0,362.0,362.0,362.0,362.0,362.0,362.0,362.0,362.0,362.0,362.0,362.0,362.0,362.0,362.0,362.0,362.0,362.0,362.0,362.0,362.0,362.0,362.0
94,Asuncion,720.71,736.19,752.73,771.18,786.03,806.6,826.19,846.44,865.19,882.68,903.95,926.6,949.47,974.6,996.91,1025.52,1053.66,1080.93,1110.21,1139.78,1169.87,1200.96,1232.99,1265.96,1292.45,1332.14,1366.14,1399.4,1435.12,1469.32,1503.63,1540.79,1576.8,1613.24,1642.08
95,San Salvador,745.83,748.21,748.94,746.22,750.27,747.27,747.76,748.45,749.22,749.98,750.62,751.01,752.14,753.01,756.97,752.64,753.19,753.98,754.73,755.63,756.41,757.03,757.85,758.61,764.36,759.99,760.73,761.33,762.98,764.0,764.83,765.75,766.67,767.38,772.32
96,Managua,302.31,302.66,302.9,303.27,303.44,303.82,304.23,304.6,305.09,305.58,306.09,306.58,307.03,307.38,307.85,308.45,308.92,309.48,310.03,310.49,311.04,311.61,312.25,312.68,313.37,314.01,314.53,315.04,315.62,316.09,316.81,317.41,318.23,318.83,319.46
97,Beirut,560.55,561.2,561.75,562.26,562.78,563.4,563.8,564.09,564.48,564.86,565.15,565.75,566.04,566.39,566.69,567.0,567.3,567.52,567.68,567.98,568.25,568.44,568.7,568.86,569.0,569.26,569.6,569.83,570.24,570.47,570.69,570.91,571.23,571.54,571.56
98,Copenhagen,713.59,715.34,717.31,719.08,720.94,723.02,725.02,727.07,728.82,730.82,732.64,734.73,736.62,738.67,740.59,742.46,744.75,746.68,748.75,750.6,752.9,755.08,757.36,759.5,761.68,763.77,765.7,767.9,770.13,772.54,774.91,777.0,779.34,781.64,783.78
99,Singapore,1130.55,1167.58,1205.48,1246.51,1285.53,1334.16,1380.91,1428.79,1477.71,1529.25,1580.46,1631.7,1685.68,1740.72,1794.72,1852.29,1908.88,1965.36,2021.28,2076.87,2131.19,2185.93,2237.89,2289.54,2336.78,2387.4,2431.59,2473.92,2512.37,2548.48,2581.71,2613.47,2643.27,2672.77,2697.92
100,Helsinki,391.31,391.68,392.17,392.72,393.3,393.88,394.53,395.16,395.73,396.27,396.98,397.53,398.07,398.66,399.36,399.96,400.56,401.2,401.99,402.72,403.38,404.11,404.7,405.37,406.13,406.73,407.47,408.28,409.03,409.52,410.3,410.96,411.74,412.44,413.19
101,Oslo,323.17,323.19,323.46,322.8,327.43,318.94,322.47,321.32,321.54,321.79,322.14,322.29,321.08,321.29,329.13,322.86,323.03,323.61,323.74,324.48,324.21,324.35,324.61,324.64,329.2,324.39,323.32,323.62,324.04,324.23,324.41,324.65,325.11,325.36,329.4
102,San Jose,1719.28,1725.34,1730.9,1736.13,1740.89,1746.65,1751.43,1754.78,1758.42,1761.2,1764.46,1767.4,1770.2,1772.74,1776.2,1777.73,1779.8,1781.88,1784.01,1786.82,1788.79,1790.52,1792.88,1794.44,1796.28,1797.91,1799.02,1801.03,1802.58,1804.43,1806.27,1807.81,1809.41,1811.19,1812.08
103,Dublin,596.12,597.07,598.18,599.37,600.42,601.47,602.53,603.82,605.13,606.16,607.4,608.62,609.76,611.09,612.41,613.64,614.85,615.94,617.11,618.34,619.56,620.7,621.99,623.38,624.66,625.99,627.45,628.74,630.38,631.57,632.8,634.14,635.61,637.01,638.18
104,Zagreb,285.0,285.0,285.0,285.0,285.0,285.0,285.0,285.0,285.0,285.0,285.0,285.0,285.0,285.0,285.0,285.0,285.0,285.0,285.0,285.0,285.0,285.0,285.0,285.0,285.0,285.0,285.0,285.0,285.0,285.0,285.0,285.0,285.0,285.0,285.0
105,Tbilisi,249.0,249.0,249.0,249.0,249.0,249.0,249.0,249.0,249.0,249.0,249.0,249.0,249.0,249.0,249.0,249.0,249.0,249.0,249.0,249.0,249.0,249.0,249.0,249.0,249.0,249.0,249.0,249.0,249.0,249.0,249.0,249.0,249.0,249.0,249.0
106,Montevideo,392.0,392.0,392.0,392.0,392.0,392.0,392.0,392.0,392.0,392.0,392.0,392.0,392.0,392.0,392.0,392.0,392.0,392.0,392.0,392.0,392.0,392.0,392.0,392.0,392.0,392.0,392.0,392.0,392.0,392.0,392.0,392.0,392.0,392.0,392.0
107,Ulaanbaatar,196.67,196.79,197.0,197.22,197.43,197.67,197.8,198.03,198.25,198.47,198.65,199.0,199.27,199.51,199.78,199.92,200.25,200.54,200.87,201.14,201.27,201.51,201.82,202.04,202.39,202.61,202.87,203.24,203.49,203.8,204.13,204.33,204.67,204.92,205.3
108,Yerevan,307.55,307.84,308.24,308.68,309.06,309.54,309.98,310.29,310.77,311.27,311.7,312.22,312.62,313.16,313.61,314.07,314.64,315.18,315.74,316.14,316.74,317.3,317.91,318.71,319.22,319.76,320.33,320.96,321.61,322.42,323.0,323.45,324.12,324.59,325.17
109,Kingston,4256.57,4286.94,4319.96,4354.16,4389.41,4422.92,4457.23,4492.18,4525.53,4559.43,4591.91,4622.43,4653.4,4683.42,4714.41,4740.96,4769.86,4796.1,4823.08,4847.8,4872.61,4895.45,4916.24,4934.54,4952.93,4964.42,4977.77,4985.76,4992.18,4998.49,5003.12,5007.87,5011.8,5015.78,5020.45
110,Ljubljana,154.0,154.0,154.0,154.0,154.0,154.0,154.0,154.0,154.0,154.0,154.0,154.0,154.0,154.0,154.0,154.0,154.0,154.0,154.0,154.0,154.0,154.0,154.0,154.0,154.0,154.0,154.0,154.0,154.0,154.0,154.0,154.0,154.0,154.0,154.0
111,Riga,221.0,221.0,221.0,221.0,221.0,221.0,221.0,221.0,221.0,221.0,221.0,221.0,221.0,221.0,221.0,221.0,221.0,221.0,221.0,221.0,221.0,221.0,221.0,221.0,221.0,221.0,221.0,221.0,221.0,221.0,221.0,221.0,221.0,221.0,221.0
112,Tallinn,137.0,137.0,137.0,137.0,137.0,137.0,137.0,137.0,137.0,137.0,137.0,137.0,137.0,137.0,137.0,137.0,137.0,137.0,137.0,137.0,137.0,137.0,137.0,137.0,137.0,137.0,137.0,137.0,137.0,137.0,137.0,137.0,137.0,137.0,137.0
113,Georgetown,2014.79,2018.48,2022.21,2025.65,2029.21,2033.01,2036.54,2040.25,2043.86,2047.71,2051.59,2055.46,2059.37,2062.88,2066.67,2070.54,2074.46,2078.09,2082.17,2085.62,2089.58,2093.77,2097.89,2101.79,2105.63,2109.62,2113.62,2117.8,2122.18,2126.08,2129.97,2134.4,2138.53,2142.46,2146.51
